{"cameraMode":{"drawMode":0,"name":"Shaded","section":"Shading Mode"},"sceneLighting":false,"audioPlay":false,"sceneViewState":{"showFog":true,"showMaterialUpdate":false,"showSkybox":false,"showFlares":true,"showImageEffects":true,"showParticleSystems":true},"in2DMode":false,"pivot":{"x":4.5676188468933109,"y":0.06157436966896057,"z":-0.48183321952819826},"rotation":{"x":-0.1913912147283554,"y":-0.200984388589859,"z":0.04007434472441673,"w":-0.9598809480667114},"size":0.5660253763198853,"orthographic":false}