{"cameraMode":{"drawMode":0,"name":"Shaded","section":"Shading Mode"},"sceneLighting":false,"audioPlay":false,"sceneViewState":{"showFog":true,"showMaterialUpdate":false,"showSkybox":false,"showFlares":true,"showImageEffects":true,"showParticleSystems":true},"in2DMode":false,"pivot":{"x":-0.48894649744033816,"y":0.7391231060028076,"z":-1.0193922519683838},"rotation":{"x":-0.27855658531188967,"y":-0.010951303876936436,"z":0.0031764318700879814,"w":-0.9603529572486877},"size":1.9404265880584717,"orthographic":false}