{"cameraMode":{"drawMode":0,"name":"Shaded","section":"Shading Mode"},"sceneLighting":false,"audioPlay":false,"sceneViewState":{"showFog":true,"showMaterialUpdate":false,"showSkybox":false,"showFlares":true,"showImageEffects":true,"showParticleSystems":true},"in2DMode":false,"pivot":{"x":-2.084245204925537,"y":2.669393539428711,"z":-2.3872129917144777},"rotation":{"x":-0.1913912147283554,"y":-0.200984388589859,"z":0.04007434472441673,"w":-0.9598809480667114},"size":0.8660253882408142,"orthographic":false}